NAME,OBJ_ID,CENTER_X,CENTER_Y,MAG,TAG
V,11,1218.27,828.19,10.9101
C1,5,1205.19,767.79,10.6735
C2,9,1248.29,641.73,10.8853
C3,15,1283.74,1238.50,11.2037
C4,27,1674.22,442.68,11.6387
C5,2,1010.52,517.85,10.4238
K1,17,1871.44,111.56,11.2688
K2,6,225.14,816.41,10.7302
K3,8,1792.58,620.26,10.8963
K4,28,674.80,130.71,11.7432
1,1846.28,1176.60,10.3139
3,856.58,713.82,10.5466
4,1484.52,1495.21,10.6060
7,1870.43,1381.84,10.7400
10,1666.18,218.41,10.8561
12,2088.23,1437.63,10.9003
13,6.43,576.17
14,431.78,611.41,11.2602
16,1294.35,1503.36,11.1955
18,1879.24,775.60,11.2613
19,1928.23,1312.63,11.2709
20,2208.35,435.16,11.3798
21,1857.27,422.22,11.3208
22,1972.12,1324.25,11.3382
23,2211.19,420.47,11.4700
24,838.46,1218.45,11.5627
25,1926.31,1006.42,11.5105
26,1634.47,1549.81,11.5857
29,21.23,338.41,11.8255
30,652.18,409.36,11.9305
31,496.25,481.67,11.9513
32,812.20,742.65,11.9905
33,1690.30,950.19,11.9589
34,688.24,807.85,11.9953
35,840.58,563.80,12.0456
36,1080.32,624.77,12.0140
37,11.77,421.53,12.0784
38,1621.70,932.79,12.1099
39,1401.50,201.83,12.1844
40,355.73,259.71,12.2329
41,1794.36,1514.39,12.1942
42,1225.27,714.19,12.3211
43,861.21,1260.67,12.2920
44,734.43,467.51,12.3891
45,551.17,438.69,12.3982
46,139.76,702.43,12.4163
47,1197.46,1374.21,12.3559
48,1416.12,1524.42,12.3716
49,140.37,376.57,12.5242
50,2161.49,74.30,12.4888
51,1660.51,782.77,12.4575
52,1403.48,1554.83,12.4717
53,1480.34,382.60,12.5273
54,1227.19,591.84,12.5863
55,1145.20,1475.60,12.5882
56,335.23,823.51,12.6157
57,1954.20,808.34,12.5481
58,1422.69,208.76,12.6445
59,2184.62,1499.22,12.5526
60,976.51,1221.21,12.5753
61,246.41,1332.82,12.6932
62,442.42,782.69,12.7083
63,968.32,364.40,12.7097
64,672.16,1343.42,12.7372
65,904.36,362.60,12.7240
66,635.28,1568.60,12.7238
67,2297.23,1044.67,12.7325
68,1782.54,786.61,12.7164
69,2256.32,1017.75,12.8684
70,1634.43,349.76,12.8560
71,1861.63,905.44,12.7327
72,1042.55,1410.55,12.8671
73,1423.30,179.37,12.9573
74,140.77,1550.60,12.9407
75,982.22,1236.42,12.9841
76,1843.76,850.81,12.9330
77,1729.64,1398.51,12.9382
78,2324.47,937.36,12.9395
79,999.47,846.31,12.9843
80,1863.79,178.40,13.0072
81,479.50,787.68,13.0413
82,1964.63,1031.80,13.0282
83,220.74,1430.84,13.0642
84,698.45,285.27,13.1160
85,403.26,601.71,13.1237
86,1419.71,1237.78,13.1159
87,729.42,444.57,13.1697
88,716.76,1248.36,13.0887
89,447.57,980.33,13.1423
90,499.27,826.37,13.1473
91,650.57,942.23,13.0836
92,1485.44,1518.64,13.1198
93,1565.82,1583.38,13.1495
94,1363.33,805.76,13.1397
95,609.75,1432.38,13.0977
96,1618.56,603.79,13.1699
97,267.29,926.76,13.1894
98,955.45,1137.83,13.2250
99,2078.27,760.80,13.2192
100,938.20,1089.47,13.2337
101,2216.63,1126.84,13.2626
102,628.21,562.73,13.3501
103,926.38,1207.52,13.3000
104,717.72,628.20,13.3050
105,444.32,854.54,13.2082
106,311.65,183.21,13.3673
107,1612.58,660.25,13.3019
108,1369.12,1275.82,13.3205
109,1653.34,1124.82,13.1101
110,395.66,232.50,13.4089
111,111.54,1261.68,13.3707
112,1040.13,210.71,13.3946
113,1293.28,619.34,13.3782
114,1693.24,828.69,13.4511
115,645.18,495.74,13.4391
116,1567.22,225.69,13.4258
117,673.78,912.75,13.4841
118,482.31,710.34,13.5563
119,1861.23,1357.81,13.4846
120,1385.81,136.78,13.5410
121,1373.65,1523.22,13.4314
122,1967.70,201.65,13.5255
123,1002.67,138.73,13.5647
124,1027.22,1117.39,13.5513
125,1924.14,647.18,13.5903
126,311.12,938.28,13.6043
127,1704.16,1050.58,13.6044
128,179.70,483.33,13.6458
129,1024.37,1396.28,13.5714
130,155.25,613.76,13.6766
131,2225.22,1507.77,13.6086
132,2211.56,980.72,13.6404
133,438.78,316.82,13.6536
134,76.72,161.75,13.6855
135,2103.49,244.24,13.3789
136,1343.55,1125.73,13.6498
137,363.34,1082.37,13.6089
138,1341.76,909.36,13.6521
139,440.30,1461.70,13.6750
140,1752.22,1211.45,13.6389
141,1364.65,31.45,13.5403
142,1370.67,1534.40,13.5627
143,832.34,251.33,13.7255
144,722.55,304.33,13.7724
145,1034.62,1541.31,13.6920
146,2173.79,1460.63,13.7312
147,1493.26,187.54,13.7451
148,1955.18,267.59,13.6163
149,706.13,211.82,13.7648
150,752.32,460.76,13.8205
151,1153.37,591.58,13.8132
152,2126.21,1089.47,13.7739
153,295.14,1520.37,13.3836
154,138.47,1282.19,13.6713
155,450.62,862.71,13.5500
156,1661.16,1313.59,13.8005
157,659.21,337.32,13.7624
158,2065.44,694.80,13.8189
159,2120.20,147.22,13.8412
160,2246.61,42.21,13.8559
161,2192.41,950.81,13.8280
162,1590.77,1543.49,13.8093
163,147.31,1260.74,13.8984
164,1076.22,1308.53,13.8779
165,2258.42,1484.50,13.8601
166,1852.68,69.80,13.9291
167,1682.50,1531.47,13.8159
168,165.55,128.74,13.9347
169,280.44,12.80,13.9439
170,562.63,299.61,13.9573
171,1597.79,1294.32,13.8989
172,560.12,752.41,13.8970
173,621.42,1573.84,13.8464
174,817.43,321.29,13.9244
175,513.16,1480.82,13.9496
176,1041.36,584.75,13.9509
177,518.14,1211.78,13.9473
178,976.52,121.71,13.9771
179,372.75,733.52,13.9603
180,1909.22,947.60,13.9205
181,1395.73,1484.52,13.9188
182,1423.56,961.72,13.9196
183,522.64,237.46,13.9861
184,777.73,840.34,13.9876
185,2376.36,836.18,13.9399
186,533.24,1537.41,14.0022
187,558.31,197.21,14.0277
188,152.45,38.37,14.0643
189,1351.72,1178.19,13.9277
190,1331.22,88.46,14.0886
191,1955.33,257.20,13.8423
192,1443.46,1184.36,14.0774
193,1360.77,1484.71,14.1380
194,381.80,1249.73,14.1388
195,198.34,1514.71,14.1438
196,2073.74,147.24,14.1640
197,1157.23,1577.78,13.8986
198,2350.21,302.64,14.1265
199,706.44,1428.69,14.1446
200,416.34,1175.40,14.2032
201,423.24,408.77,14.2082
202,1209.65,203.24,14.1723
203,801.15,532.43,14.2147
204,1267.80,1356.39,14.1695
205,713.35,191.58,14.2256
206,834.80,854.83,14.1475
207,1272.75,979.68,14.1767
208,2182.45,1118.43,14.2333
209,844.70,1490.36,14.1488
210,233.34,1575.54,14.1838
211,2312.63,1146.52,14.1940
212,287.65,1514.37,13.3519
213,1441.60,1498.49,14.2095
214,1839.53,344.34,14.2939
215,1602.21,1215.51,14.2776
216,1609.80,1012.35,14.2659
217,249.17,893.31,14.2638
218,1477.18,801.58,14.2991
219,365.71,1239.54,14.3022
220,2101.57,308.71,14.2885
221,1135.23,339.68,14.2762
222,2009.18,1476.31,14.1903
223,2297.54,878.30,14.2620
224,894.78,327.48,14.1331
225,466.43,181.77,14.3403
226,318.27,1287.37,14.2911
227,42.16,777.77,14.3654
228,753.62,841.68,14.3338
229,404.46,345.38,14.3464
230,862.72,860.67,14.3145
231,1090.76,855.68,14.3262
232,1507.19,1370.16,14.2980
233,2301.32,565.43,14.3516
234,298.47,99.76,14.3906
235,2090.21,1031.61,14.3129
236,357.15,22.75,14.4409
237,1566.14,1357.78,14.3773
238,1403.19,853.46,14.4271
239,179.17,1022.25,14.4340
240,786.45,1043.69,14.4084
241,988.20,815.16,14.4171
242,942.18,266.35,14.3958
243,2194.27,277.23,14.4264
244,2224.38,946.63,14.4286
245,1682.73,1467.53,14.4210
246,627.34,1107.53,14.4127
247,1464.79,1593.18
248,186.78,722.22,14.4655
249,1539.70,414.79,14.4542
250,1399.79,324.33,14.4789
251,367.32,1484.44,14.4390
252,1404.36,1043.47,14.4769
253,238.68,271.56,14.4730
254,1842.45,205.64,14.4699
255,811.45,433.17,14.4795
256,1799.15,1436.74,14.4392
257,1664.60,1113.69,14.0728
258,1422.80,1083.35,14.4103
259,489.35,1005.56,14.4750
260,131.44,252.65,14.5350
261,668.17,1317.73,14.4980
262,2074.27,348.32,14.5133
263,2226.25,278.18,14.5478
264,1818.36,159.43,14.5462
265,1570.31,717.49,14.5089
266,1888.67,209.63,14.5314
267,58.15,1513.47,14.5326
268,745.78,1578.46,14.5419
269,1240.66,415.28,14.3174
270,1786.29,1385.67,14.5400
271,21.64,730.80,14.5397
272,1308.75,1311.27,14.5775
273,347.39,819.53,14.4351
274,468.23,79.34,14.6078
275,108.23,510.81,14.5980
276,294.41,1511.32,13.3315
277,2095.18,514.32,14.5698
278,1656.67,605.29,14.5882
279,722.36,1050.77,14.4578
280,2244.36,115.51,14.5493
281,2032.65,799.35,14.6126
282,1137.30,831.73,14.6256
283,1986.35,254.58,14.6588
284,1766.32,451.61,14.5296
285,121.66,1178.79,14.7004
286,1374.48,1055.64,14.6610
287,63.46,1348.20,14.5684
288,1254.67,794.74,14.6485
289,976.44,509.76,14.7102
290,2327.40,73.20,14.6533
291,1094.45,1415.67,14.6423
292,643.51,868.39,14.6246
293,710.79,1442.37,14.6667
294,1416.45,1288.20,14.6902
295,2078.73,620.71,14.6526
296,1825.73,1352.29,14.7457
297,1165.38,1518.78,14.6800
298,637.73,419.37,14.7436
299,1195.72,1265.68,14.7299
300,1854.52,900.46,13.0506
301,759.15,1564.21,14.7358
302,1963.79,1313.85,14.2655
303,2132.40,1532.33,14.6661
304,449.21,297.69,14.8433
305,1192.31,148.42,14.7702
306,362.33,912.32,14.6090
307,780.62,789.56,14.7893
308,502.46,1011.20,14.7501
309,1324.15,1123.44,14.8128
310,105.16,549.74,14.8395
311,215.41,945.73,14.6294
312,691.71,1518.51,14.7711
313,1584.59,650.59,14.4817
314,2184.70,993.27,14.7648
315,2153.44,1281.65,14.7790
316,268.35,111.74,14.8577
317,1820.44,132.57,14.8557
318,765.38,848.61,14.7673
319,634.24,1252.38,14.8253
320,2206.43,951.80,14.7363
321,1044.70,704.39,14.7870
322,834.71,292.63,14.8621
323,1976.49,792.38,14.8131
324,2197.43,164.37,14.8380
325,2048.22,1393.53,14.8101
326,1628.46,491.81,14.7847
327,1557.52,124.50,14.8576
328,995.22,920.43,14.8437
329,153.68,1525.55,14.9322
330,1900.25,456.37,14.8789
331,1364.45,1171.67,14.3880
332,177.20,496.23,14.8617
333,1698.76,541.59,14.8680
334,765.16,1149.86,14.9016
335,1181.36,168.66,14.9091
336,346.19,1279.85,14.9063
337,1677.47,881.80,14.9084
338,1323.78,179.72,14.9161
339,644.45,879.65,14.7559
340,822.22,520.20,14.9752
341,1179.72,539.48,14.9270
342,1996.18,849.60,14.8724
343,2228.25,111.80,14.9574
344,523.59,319.83,14.9301
345,1244.45,913.23,14.9441
346,1205.20,938.59,14.9107
347,798.37,1073.75,14.9499
348,2190.42,882.48,14.8803
349,894.44,673.86,14.9441
350,597.17,575.70,14.9822
351,2190.57,1368.30,14.9144
352,564.36,1203.21,14.6994
353,2385.32,413.50
354,892.37,480.18,14.9517
355,1827.50,1312.69,14.9503
356,760.60,228.38,14.9593
357,83.74,957.22,14.9716
358,2068.63,1564.67,14.9426
359,396.24,1154.58,14.9473
360,1298.33,506.18,14.9791
361,525.34,525.36,14.7084
362,1157.19,844.21,14.9880
363,1898.54,1514.19,14.9331
364,119.52,41.19,15.0320
365,901.48,1291.25,14.9524
366,1367.66,23.27,13.8158
367,1110.19,801.22,15.0174
368,1579.66,416.63,15.0177
369,2371.54,1099.30,14.8810
370,255.25,1153.82,15.0447
371,510.57,452.17,14.9005
372,1952.58,1373.77,14.9595
373,972.26,1427.37,14.9701
374,1167.53,206.60,15.0293
375,1084.76,1118.36,14.9717
376,1925.72,869.46,14.8932
377,662.67,794.43,15.0833
378,2291.54,1005.42,14.9090
379,2337.18,1160.16,15.0182
380,1140.78,1247.70,14.9947
381,2144.73,1075.70,15.0495
382,11.40,788.73,15.0988
383,281.39,1007.23,15.0731
384,1504.15,546.72,15.0047
385,1931.51,93.83,15.0465
386,1944.12,1455.44,15.0263
387,2031.62,1262.33,14.9926
388,2262.75,22.75,15.0894
389,530.27,1508.38,14.9526
390,225.33,1285.47,15.0887
391,19.82,561.53,15.0340
392,1470.68,1524.34,14.9629
393,1150.47,63.42,15.0837
394,1936.72,230.81,15.0409
395,1427.82,46.19,15.0723
396,718.49,1299.34,15.1086
397,437.78,1344.83,15.0422
398,1233.83,326.32,15.1212
399,1385.75,493.20,15.1070
400,1925.71,1441.69,15.0752
401,1163.71,1109.82,15.0507
402,704.23,602.68,15.1445
403,535.78,1071.28,15.1477
404,2156.32,556.62,15.1650
405,1887.81,1335.85,15.1181
406,128.28,437.59,15.1761
407,1553.19,196.76,15.1010
408,2241.42,390.49,15.1804
409,1638.44,1019.24,15.0635
410,603.77,501.19,15.1526
411,227.61,727.45,15.1782
412,111.62,1149.70,15.1973
413,96.72,1585.72,15.0943
414,758.81,1112.17,15.0778
415,120.67,1513.25,14.9552
416,1581.19,535.77,14.9825
417,2260.51,1459.79,15.0550
418,240.79,61.68,15.1894
419,1199.44,720.34,15.1969
420,419.63,1156.50,15.0148
421,2193.29,198.51,15.1103
422,507.25,260.28,15.1953
423,2157.34,1260.53,15.0160
424,1671.44,1117.71,14.1895
425,2158.61,1249.56,14.9587
426,76.60,827.35,15.2608
427,1790.15,1323.75,15.1048
428,1529.40,81.47,15.0938
429,1273.52,1468.25,15.0604
430,15.27,1580.33,15.2694
431,232.19,121.69,15.2256
432,65.35,88.66,15.1193
433,2100.25,1107.75,15.1440
434,703.16,454.49,15.3081
435,2255.75,108.61,15.1973
436,93.21,1569.16,15.2880
437,873.71,1087.32,15.0647
438,21.26,1272.73,14.7432
439,786.80,338.49,15.1856
440,378.75,474.28,15.2425
441,1823.34,464.27,15.2506
442,2242.75,1165.76,15.2035
443,1698.64,1510.61,14.9573
444,1876.40,1591.55
445,735.60,1592.73
446,1092.18,622.75,14.6145
447,836.75,1339.77,15.2623
448,678.15,284.68,15.3137
449,1661.33,579.55,15.3833
450,1348.39,233.79,15.3023
451,2109.56,1244.28,15.2771
452,1643.26,620.47,15.3079
453,2171.31,66.54,15.0090
454,1425.37,108.58,15.3182
455,13.20,579.44,11.2512
456,152.42,985.33,15.3584
457,1020.71,723.35,15.2883
458,1475.65,1301.26,15.2926
459,1571.13,601.51,14.9640
460,2240.40,1515.29,15.3326
461,2032.64,462.51,15.3449
462,2181.69,5.79
463,10.65,40.28,15.4140
464,2028.29,158.56,15.3257
465,692.38,902.81,15.3524
466,353.61,446.83,15.3874
467,1520.60,1219.62,15.3565
468,1893.66,1222.19,15.3365
469,1435.34,1392.35,15.0506
470,652.60,475.21,15.3815
471,170.53,465.20,15.4501
472,1165.74,1577.64,14.1649
473,1344.76,863.63,15.2799
474,1457.61,112.63,15.4059
475,382.66,33.36,15.4709
476,975.75,13.54,15.4062
477,1706.79,814.54,15.3732
478,575.77,1487.67,15.3747
479,1310.13,343.27,15.4019
480,1356.36,1085.64,15.4011
481,2256.44,142.36,15.4544
482,725.22,1360.20,15.3985
483,1486.32,1208.16,15.2865
484,2191.58,1592.26
485,90.48,171.81,15.4933
486,1023.39,549.73,15.3670
487,2144.56,1021.40,15.4547
488,2092.16,105.50,15.3111
489,1759.57,814.86,15.3788
490,66.66,1338.25,15.1128
491,1631.49,709.72,15.4880
492,2199.59,1532.83,15.3976
493,923.30,528.18,15.4314
494,151.72,632.56,15.5140
495,1984.14,190.38,15.4170
496,1391.67,229.35,15.5027
497,1021.66,1071.57,15.4340
498,795.20,1384.72,15.4210
499,2038.53,675.55,15.4939
500,2028.27,863.52,15.3785
501,2346.36,653.79,15.3383
502,2234.18,1494.49,15.1521
503,48.64,1149.56,15.4964
504,2171.66,875.78,15.4762
505,762.31,1174.38,15.4622
506,299.29,1292.69,15.5227
507,613.64,435.23,15.5714
508,2386.21,586.19
509,334.74,66.71,15.5055
510,1079.59,572.55,15.5259
511,1917.27,758.20,15.4891
512,1322.64,1506.30,15.3117
513,1441.32,723.69,15.5199
514,1361.13,1183.36,14.7782
515,1225.15,16.24,15.4948
516,1859.64,602.82,15.3781
517,120.45,694.16,15.6117
518,145.82,1279.42,13.8568
519,1407.59,960.75,15.5755
520,939.35,197.62,15.5676
521,1381.60,886.28,15.4629
522,1406.82,192.66,14.0127
523,1577.77,655.19,14.5717
524,1622.19,871.23,15.5177
525,1005.35,427.33,15.6112
526,1134.55,1385.84,15.5514
527,1671.32,554.30,15.6298
528,361.63,374.78,15.3934
529,2339.55,1270.24,15.4258
530,2281.35,1019.40,15.6116
531,452.76,1577.50,15.5182
532,476.11,1212.82,14.8411
533,160.63,71.72,15.5939
534,1525.82,307.38,15.5637
535,1806.64,1345.58,15.5994
536,250.21,1189.19,15.5248
537,2020.78,1135.62,15.5052
538,7.46,1216.23
539,226.19,841.58,15.5833
540,177.49,1318.86,15.6331
541,190.24,350.80,15.6129
542,1916.15,1340.45,15.6421
543,1744.66,953.57,15.6090
544,2026.44,1041.66,15.5980
545,1361.16,1171.35,14.3151
546,780.43,1356.64,15.3372
547,528.49,1045.42,15.5721
548,2386.70,1435.18
549,1082.38,1414.50,15.0385
550,1530.11,60.77,15.6687
551,258.41,51.53,15.6795
552,302.17,1425.43,15.6131
553,1635.69,761.83,15.6580
554,254.70,1538.43,15.6142
555,505.79,243.61,15.6839
556,2192.42,298.19,15.6395
557,843.46,511.30,15.6960
558,1305.58,455.60,15.5735
559,1714.32,253.38,15.6285
560,241.72,208.61,15.6880
561,1342.17,740.29,15.5302
562,1151.26,96.85,15.5844
563,1505.35,327.34,15.6747
564,329.79,77.79,15.5942
565,414.43,48.77,15.1393
566,2201.29,215.41,15.6488
567,2152.13,880.65,15.6182
568,1774.30,1325.84,15.0048
569,1767.74,973.76,15.6371
570,1226.76,903.69,15.7443
571,1609.25,1474.62,15.6912
572,883.45,492.53,15.7210
573,719.74,250.37,15.7569
574,1264.46,118.29,15.6531
575,1541.49,1413.66,15.5653
576,474.64,148.63,15.6739
577,446.18,1050.68,15.7839
578,1607.71,252.52,15.7109
579,35.35,654.76,15.4742
580,1539.58,368.28,15.7430
581,290.60,507.67,15.7266
582,2161.23,1049.61,15.6108
583,751.74,756.73,15.4389
584,1859.78,1150.52,15.6656
585,1577.24,554.56,15.7460
586,1084.50,173.25,15.6041
587,1827.20,932.72,15.6453
588,571.57,1525.59,15.6778
589,122.79,560.71,15.8108
590,208.61,1139.72,15.7650
591,33.73,487.83,15.7455
592,1174.15,1504.51,15.4947
593,1600.31,1169.77,15.7545
594,1873.57,1293.72,15.7515
595,7.65,1412.44
596,984.49,639.56,15.7153
597,111.58,1057.77,15.6897
598,1340.27,294.45,15.7337
599,468.57,487.21,15.8105
600,774.72,532.73,15.7597
601,2229.77,162.53,15.6569
602,1659.71,1449.17,15.5097
603,47.17,37.71,15.7956
604,1024.27,1020.50,15.6626
605,1139.16,1106.22,15.7507
606,893.34,1426.67,15.6804
607,1630.75,157.72,15.7724
608,2283.73,1297.38,15.4809
609,2069.69,1542.59,15.7933
610,199.42,1202.61,15.8065
611,2208.60,153.26,15.8702
612,1340.63,1235.85,15.7646
613,367.53,864.15,15.7444
614,443.11,609.20,13.9358
615,1165.19,803.32,15.3787
616,748.12,537.71,15.7326
617,1431.28,881.76,15.7188
618,92.32,778.62,15.4915
619,1455.75,490.45,15.8164
620,680.40,664.58,15.8579
621,508.31,682.17,15.8375
622,588.63,375.71,15.7838
623,684.73,894.73,15.6694
624,1196.34,1144.43,15.7611
625,1620.31,478.61,15.3039
626,578.30,333.34,15.8499
627,1728.70,927.35,15.4014
628,1390.27,256.64,15.9070
629,862.85,719.07,10.8659
630,2215.51,1328.54,15.7343
631,1123.14,941.76,15.6829
632,1780.15,756.19,15.8532
633,1134.57,668.71,15.8724
634,2224.50,827.39,15.8315
635,1281.75,1016.38,15.8426
636,2340.27,474.32,15.8742
637,848.76,1301.50,15.8396
638,1736.14,1365.21,15.8164
639,1449.63,906.74,15.8802
640,1061.22,1021.60,15.7853
641,1597.76,934.66,15.8015
642,101.18,468.22,15.9219
643,974.24,919.19,15.7989
644,1785.06,624.40,11.3333
645,965.28,1254.19,15.9739
646,211.28,953.62,14.8527
647,914.49,1572.76,15.8697
648,1102.70,1230.27,15.7556
649,2052.75,1223.62,15.7049
650,1412.29,812.45,15.9570
651,1471.60,288.67,15.8528
652,1257.41,164.39,16.0153
653,2046.55,209.81,15.9250
654,1341.18,657.21,15.0789
655,1585.57,1573.79,15.9109
656,538.26,569.70,15.9169
657,976.44,772.51,15.8727
658,1530.73,957.63,15.8929
659,1222.53,1559.82,15.8506
660,907.58,74.63,15.8277
661,658.29,854.23,15.8674
662,141.79,1578.20,16.0247
663,2162.32,1561.28,15.8972
664,36.79,24.41,15.9064
665,1657.25,1206.81,15.6396
666,1052.36,677.66,16.0056
667,2351.32,131.21,15.7402
668,12.65,199.79,15.8944
669,795.63,467.77,15.8593
670,660.96,341.16,13.7799
671,283.72,182.44,16.0277
672,1849.62,315.61,15.9108
673,1999.31,118.29,15.9519
674,2230.80,565.18,15.8386
675,321.46,1519.83,15.9702
676,1091.56,1238.23,15.7982
677,2362.24,1587.65
678,2233.62,1485.31,15.3768
679,155.27,385.83,16.0253
680,500.76,551.60,16.0043
681,992.24,336.79,16.0501
682,9.12,1187.17
683,1229.45,1301.47,15.9290
684,581.67,1369.44,15.8595
685,1529.29,775.41,15.6885
686,998.69,905.48,15.8958
687,754.34,1527.37,15.9780
688,1383.36,1130.18,15.9789
689,1730.72,918.58,15.4557
690,1325.23,1046.43,15.9997
691,1985.37,1082.55,15.5682
692,1266.16,898.29,16.0065
693,144.48,496.28,16.0043
694,2253.66,1229.24,15.6196
695,911.45,84.64,15.8512
696,914.52,1383.39,16.0369
697,846.79,1480.80,14.9525
698,1410.30,1333.76,15.9535
699,1718.47,1102.64,16.0626
700,1080.71,121.62,16.0764
701,2355.30,434.28,15.9136
702,2030.43,1437.37,15.9514
703,1263.30,915.44,16.0317
704,2066.21,1051.25,15.9281
705,379.51,1522.58,15.9313
706,2324.24,1283.50,15.9849
707,718.48,903.28,16.0178
708,1101.55,226.41,16.0109
709,2018.26,778.41,16.0493
710,1580.24,399.46,16.0680
711,551.64,242.81,16.1296
712,1807.64,1294.67,16.1332
713,914.17,277.80,16.0464
714,163.75,799.16,15.9631
715,778.62,718.64,15.9916
716,235.69,1119.82,15.8560
717,26.29,1268.25,14.9006
718,2169.47,628.68,15.9845
719,437.78,115.43,16.0539
720,2062.21,470.21,16.0819
721,58.70,1054.39,16.1017
722,673.17,745.32,16.1215
723,673.80,432.73,16.3622
724,1828.65,532.61,15.7896
725,534.37,1084.45,15.9574
726,1607.23,715.33,16.0519
727,1022.77,1102.79,15.9451
728,547.77,145.16,16.0049
729,1292.23,270.18,16.0800
730,2388.58,15.29
731,347.51,766.30,16.0759
732,411.15,1287.71,16.0601
733,2285.30,473.74,15.9994
734,1491.30,1013.41,15.9194
735,1317.72,467.31,16.0120
736,1235.71,417.29,14.3525
737,572.33,268.37,16.0611
738,2129.25,208.40,16.0315
739,70.56,196.64,16.0890
740,2131.64,1188.19,16.0653
741,1954.23,857.41,16.1073
742,1259.25,1297.69,16.1033
743,1846.32,1142.23,16.2377
744,1123.26,419.47,15.9832
745,417.45,55.78,15.1918
746,607.69,108.25,16.1186
747,952.54,633.82,16.0532
748,1393.62,1376.74,15.9721
749,1641.29,1122.78,14.9606
750,1780.24,1329.38,14.9751
751,1889.32,747.81,16.1862
752,451.82,43.37,15.8278
753,412.18,136.48,16.0783
754,969.27,329.49,16.2317
755,148.18,28.68,15.3430
756,1341.33,153.63,16.0863
757,1474.65,544.84,16.0033
758,1717.57,1319.22,16.0776
759,682.31,601.22,16.2061
760,1251.24,1160.31,16.0597
761,346.24,1197.72,16.0952
762,2314.42,314.43,16.2324
763,1284.55,380.63,16.0657
764,889.33,654.81,15.7539
765,1960.42,736.50,16.1149
766,1654.31,1483.66,16.1761
767,1295.44,1532.55,16.0913
768,380.36,726.29,15.2297
769,480.17,1219.47,14.9963
770,1026.64,746.83,16.2409
771,932.25,361.50,16.3143
772,1213.78,385.74,16.1819
773,77.67,1457.25,16.0520
774,695.56,42.17,16.1555
775,2261.21,1193.80,16.1326
776,1977.29,1011.16,16.1398
777,475.54,1079.81,15.9971
778,547.73,1281.17,15.8305
779,132.19,953.28,16.1299
780,894.47,84.14,16.2060
781,209.29,245.34,15.5264
782,1277.73,1031.43,16.0933
783,49.55,360.60,16.1797
784,1000.31,1445.33,16.1712
785,835.74,501.45,16.2087
786,208.62,1511.63,15.5243
787,927.60,709.83,16.0684
788,87.43,1315.74,16.1226
789,1930.21,385.15,16.1748
790,576.62,1067.40,16.1121
791,2162.40,1061.38,16.0178
792,494.21,192.77,16.2234
793,1002.26,1332.24,16.1224
794,235.51,635.62,16.0750
795,1677.38,1301.25,16.3076
796,20.60,1283.42,15.8289
797,1901.50,1079.43,16.2586
798,1678.46,186.42,16.2011
799,782.38,1529.36,16.2425
800,1355.34,1256.37,16.1515
801,503.45,483.58,12.1745
802,1059.18,1593.78
803,1363.43,1166.59,14.4561
804,751.20,975.22,16.1400
805,1626.58,479.61,15.2947
806,358.15,412.48,16.0555
807,267.31,275.77,15.9467
808,1751.58,138.66,16.2479
809,1165.34,794.81,15.4332
810,1066.35,1151.22,16.1851
811,1599.46,1431.66,16.1459
812,2359.48,594.88,15.9282
813,835.58,703.36,16.2438
814,1059.59,1262.56,16.2290
815,1759.28,366.40,16.3328
816,1684.15,1493.43,16.2061
817,1393.27,1021.33,16.2304
818,1242.53,1583.84,16.2490
819,1698.81,552.78,15.7864
820,158.28,1367.51,16.1725
821,1638.39,909.64,16.2475
822,853.18,725.41,13.4016
823,2324.53,1474.40,16.2225
824,99.62,1365.27,15.8915
825,1958.34,1341.30,16.2300
826,1275.27,1077.18,16.1327
827,294.42,741.84,16.3834
828,1033.23,251.22,16.2209
829,1554.47,1530.26,16.1586
830,1610.62,90.80,15.7840
831,1930.50,987.72,16.1323
832,1786.53,1399.33,16.0233
833,758.35,750.20,15.6388
834,405.59,838.22,16.1992
835,1475.60,34.23,15.7636
836,2360.11,1376.82,16.1626
837,1883.20,428.63,16.2327
838,1574.08,607.54,14.9956
839,824.30,927.32,16.1668
840,1335.31,1065.43,16.2274
841,2284.16,620.22,16.2376
842,885.14,1125.82,16.0482
843,330.70,1220.47,16.3139
844,217.36,1472.72,16.2314
845,2303.62,724.50,16.1826
846,2244.72,1396.61,16.0537
847,2009.78,858.74,16.1680
848,529.26,1284.70,16.1838
849,1523.21,601.81,16.1955
850,1998.73,1388.56,16.3023
851,2363.16,290.40,16.0010
852,259.22,1099.85,16.2968
853,998.68,104.74,16.5154
854,451.70,1167.75,16.2319
855,1736.50,1379.25,16.1683
856,1817.51,1103.66,16.0605
857,309.29,480.81,16.5354
858,560.70,1056.45,15.7852
859,1460.62,88.79,16.3627
860,762.21,1382.51,15.9991
861,556.76,56.19,16.3954
862,1131.39,771.15,16.0566
863,1195.37,977.37,16.2922
864,1111.67,17.69,16.3784
865,1747.31,192.41,16.2728
866,1915.78,869.32,15.5036
867,100.49,1433.83,16.3976
868,919.14,1446.21,16.1344
869,790.70,711.77,16.2753
870,2187.25,1393.49,15.8530
871,144.41,1306.24,16.4532
872,1626.51,946.60,15.8148
873,2039.20,437.66,16.3500
874,165.31,1209.29,16.2512
875,766.47,829.18,16.2597
876,369.50,916.51,14.8707
877,584.37,112.86,16.3530
878,736.24,1417.34,16.2856
879,2292.23,1504.55,16.2529
880,2112.78,302.25,16.1940
881,1478.71,68.35,16.4095
882,367.72,1012.47,16.2596
883,21.32,125.54,16.3048
884,47.40,1195.21,16.2740
885,1985.22,415.54,16.2483
886,1108.64,892.43,16.3026
887,1192.49,1417.55,16.0431
888,1582.64,50.33,16.3483
889,2123.40,828.30,16.3527
890,794.16,644.28,16.1961
891,1707.21,1365.58,16.3751
892,1844.82,1480.53,16.1460
893,1382.37,973.78,16.3773
894,2142.15,1444.77,16.3167
895,123.81,1316.27,16.4332
896,1098.83,1497.83,16.3674
897,354.59,1003.73,16.3633
898,570.16,1202.47,14.7422
899,1947.44,124.83,12.3290
900,1547.77,389.36,16.4944
901,1375.53,368.36,16.1603
902,300.80,1191.37,16.1767
903,487.79,1133.77,16.3356
904,214.71,240.67,15.5995
905,623.57,228.38,16.5547
906,2238.51,158.21,15.9792
907,1561.32,357.69,16.4788
908,1572.41,686.48,16.1938
909,476.56,104.36,15.8013
910,1434.36,840.71,16.2935
911,278.78,1542.73,16.5176
912,953.16,213.40,16.4468
913,313.24,1145.74,16.3763
914,655.65,865.73,16.1083
915,333.45,191.25,16.4536
916,2306.57,866.60,16.4193
917,1948.39,601.33,16.2853
918,1174.51,1461.26,16.5626
919,663.74,580.52,16.4862
920,1629.26,308.16,16.4566
921,158.31,866.84,16.2879
922,405.25,463.49,16.4886
923,730.46,687.22,16.3352
924,1469.78,484.87,16.2695
925,1346.38,43.78,16.2250
926,1211.66,821.89,11.5295
927,861.41,1182.73,16.4155
928,1964.28,472.32,16.3829
929,572.27,1344.84,16.5079
930,2282.25,39.20,16.4280
931,1568.18,191.76,16.4139
932,2214.60,739.82,16.2958
933,2158.49,1365.69,16.4210
934,1401.43,621.62,16.5951
935,1846.29,659.29,16.2097
936,859.31,155.76,16.4029
937,2198.52,704.82,16.2899
938,1666.27,245.35,16.2906
939,1117.39,501.26,16.3957
940,247.46,815.19,16.1513
941,1694.33,1506.62,14.9343
942,830.49,544.54,16.6846
943,63.65,1572.19,16.3768
944,1221.34,932.25,16.5455
945,997.18,380.20,16.5321
946,520.13,1094.53,16.3449
947,1945.36,892.59,16.4316
948,769.25,1442.41,16.4190
949,1108.66,210.83,16.5079
950,1414.74,587.39,16.4534
951,2047.48,601.73,16.3003
952,885.30,1252.27,16.5598
953,555.42,628.69,16.5645
954,1404.63,344.38,16.4340
955,2032.32,823.76,16.5316
956,703.64,194.67,15.2656
957,678.79,1587.29
958,750.57,1551.87,16.4783
959,888.27,513.20,16.4632
960,2169.19,39.79,16.6378
961,1126.11,692.41,16.3161
962,2053.55,1233.81,15.9949
963,1684.72,1570.54,16.5670
964,1011.15,730.62,16.2503
965,317.54,20.36,16.6286
966,1000.40,365.82,16.4213
967,1681.55,751.83,16.3638
968,841.75,317.20,16.5057
969,1921.64,1030.58,16.1016
970,467.40,261.48,16.5784
971,1538.66,82.58,15.5894
972,1868.67,324.88,16.4959
973,483.16,107.26,15.7872
974,653.53,551.52,16.4915
975,518.26,525.61,14.7445
976,2315.72,1322.63,16.4233
977,2010.13,1088.60,16.4676
978,574.64,540.64,16.4918
979,1662.24,206.68,14.1465
980,2273.36,1031.52,16.8553
981,1401.26,34.19,16.6220
982,505.21,324.29,16.4921
983,2258.68,290.70,16.5692
984,721.26,1094.42,16.4479
985,276.18,77.82,16.2982
986,28.29,772.59,16.5215
987,1985.41,1078.42,15.5838
988,349.38,902.60,16.5768
989,1446.32,961.30,16.5438
990,1012.20,758.38,16.6650
991,492.72,730.76,16.5933
992,1149.31,506.26,16.4668
993,1892.73,711.78,16.4452
994,507.45,410.78,16.4561
995,765.40,64.50,16.3859
996,1128.17,1305.61,16.3744
997,912.73,171.67,16.4973
998,379.75,543.31,16.4287
999,1136.30,872.73,16.3424
1000,332.14,1344.57,16.3869
1001,2197.76,893.73,16.3904
1002,223.59,371.69,16.5853
1003,2355.81,651.75,15.8774
1004,147.50,469.44,16.7861
1005,933.65,396.21,16.5335
1006,1468.26,1475.62,16.5403
1007,1827.20,144.60,16.4627
1008,1833.71,6.67
1009,2114.24,895.19,16.4930
1010,1465.42,862.22,16.5117
1011,1314.20,604.29,16.7077
1012,715.46,1029.22,16.5786
1013,401.22,534.75,16.4395
1014,828.16,125.70,16.4693
1015,1684.50,336.77,16.5154
1016,458.82,1115.52,16.4737
1017,2062.23,206.22,16.4254
1018,726.47,866.22,16.4523
1019,1607.16,317.21,16.5875
1020,1129.42,135.80,16.5032
1021,120.19,297.38,16.4954
1022,401.47,411.73,16.4977
1023,64.53,279.79,16.6241
1024,1657.67,83.65,16.6014
1025,1242.66,1357.29,16.8697
1026,1712.59,1407.45,16.5616
1027,929.33,114.19,16.5121
1028,26.54,652.44,15.7250
1029,1777.47,866.28,16.6097
1030,968.73,1290.80,16.5234
1031,212.34,769.75,16.5577
1032,83.70,779.84,15.6113
1033,1032.51,1409.37,14.0470
1034,653.36,995.81,16.0041
1035,977.73,85.27,16.4690
1036,468.41,50.50,16.7452
1037,539.63,652.71,16.2902
1038,1329.34,1322.32,16.4273
1039,795.13,1190.54,16.4793
1040,632.74,1191.67,16.5977
1041,1628.54,646.55,16.7139
1042,673.37,552.75,16.5878
1043,1872.56,1016.19,16.5028
1044,854.74,504.65,16.5628
1045,553.42,819.49,16.4750
1046,1671.35,1018.81,16.5240
1047,85.38,1354.73,16.6878
1048,1673.73,257.72,16.6097
1049,171.11,1057.16,16.4492
1050,3.51,1442.51
1051,562.40,1476.20,16.4602
1052,413.57,687.78,16.1385
1053,1932.47,239.09,15.3980
1054,2000.26,321.43,16.5606
1055,1519.54,1194.50,16.5791
1056,2353.53,289.56,15.9995
1057,268.74,785.14,16.6198
1058,1195.39,206.68,16.6026
1059,2077.46,1371.61,15.9841
1060,189.60,1351.32,16.3845
1061,1312.32,1144.63,16.1338
1062,26.25,968.28,16.4732
1063,843.63,1258.73,16.6519
1064,83.77,1134.76,16.7917
1065,614.13,722.42,16.5915
1066,55.67,615.80,16.2420
1067,598.25,1140.18,16.5796
1068,1481.72,492.21,16.5748
1069,793.49,310.81,16.8432
1070,1222.38,1361.72,16.6582
1071,811.42,65.33,16.7144
1072,1457.80,407.20,16.4671
1073,527.74,582.39,16.3551
1074,848.39,569.70,13.1745
1075,157.26,1235.21,16.7292
1076,75.46,356.48,16.6777
1077,419.41,1481.38,16.5962
1078,1345.31,463.32,16.2989
1079,704.17,429.64,16.6286
1080,351.32,1103.70,16.7336
1081,2001.62,241.31,16.6366
1082,2166.40,992.60,16.5397
1083,556.51,1368.68,16.4753
1084,126.36,1209.73,16.6906
1085,1627.41,910.22,16.5608
1086,1215.60,488.58,16.6484
1087,1635.84,338.73,15.1237
1088,2364.35,907.47,16.6730
1089,88.44,1510.19,16.7160
1090,1368.66,784.64,16.4399
1091,2245.76,775.68,16.5860
1092,661.80,809.53,16.4363
1093,172.40,974.24,16.7221
1094,2385.76,1103.78
1095,242.77,725.67,16.6870
1096,2283.81,811.75,16.6229
1097,1457.20,514.30,16.7617
1098,1186.70,65.23,16.7043
1099,114.62,913.57,16.8191
1100,240.51,700.26,16.1534
1101,274.74,1284.69,16.6801
1102,1779.22,1179.57,16.5055
1103,770.50,803.24,16.6781
1104,918.64,469.81,16.8614
1105,424.78,477.18,16.5565
1106,1041.74,694.33,15.9519
1107,2166.28,608.36,16.4139
1108,863.55,315.34,16.5553
1109,698.19,14.80,16.1342
1110,584.65,439.74,17.0266
1111,2039.41,1313.85,16.7410
1112,238.72,1071.54,16.2539
1113,499.59,1136.47,16.6773
1114,1188.69,1286.75,16.4089
1115,2243.67,370.74,16.7428
1116,127.79,1553.71,16.2282
1117,1128.67,761.59,16.1648
1118,1903.54,682.71,16.7169
1119,1734.28,362.49,16.7598
1120,2131.34,987.38,16.6173
1121,177.18,77.77,16.7785
1122,1911.52,986.67,16.7970
1123,848.29,898.46,16.5756
1124,1610.60,1408.75,16.7358
1125,604.51,455.25,16.9462
1126,707.23,679.25,16.7805
1127,877.33,667.59,16.6657
1128,369.72,1313.20,16.5935
1129,1076.71,1409.83,15.2004
1130,1952.16,474.71,16.4999
1131,1057.71,487.51,16.7284
1132,230.24,1581.31,14.2331
1133,735.35,386.46,16.7823
1134,2199.16,875.18,16.2984
1135,1153.70,1484.67,15.8127
1136,1247.59,1484.29,16.4536
1137,1241.59,1048.56,16.5301
1138,1012.57,1423.75,16.0921
1139,1982.76,947.62,16.6826
1140,227.27,204.41,16.7712
1141,1048.76,933.51,16.6056
1142,609.53,473.43,16.1772
1143,1428.72,1547.21,17.1074
1144,2266.75,237.82,16.7711
1145,881.30,276.21,16.5355
1146,750.30,857.81,16.6408
1147,518.32,579.19,16.4434
1148,1141.70,1456.55,16.9564
1149,2276.62,450.87,16.8267
1150,829.77,860.37,14.2298
1151,412.23,1197.34,16.4905
1152,1055.50,1087.23,16.5657
1153,966.60,911.80,16.3567
1154,2089.57,1588.39
1155,975.37,1046.61,16.7108
1156,1301.38,917.78,16.7405
1157,1731.25,139.68,16.7635
1158,1267.46,551.78,16.6354
1159,1065.27,1508.50,16.7272
1160,1009.73,1427.10,16.2225
1161,215.66,1525.60,16.8525
1162,1591.22,959.30,16.7336
1163,678.76,1563.58,16.7245
1164,788.64,871.22,16.9326
1165,226.69,87.47,16.8217
1166,152.27,541.60,16.4704
1167,1445.47,792.67,16.8264
1168,714.80,720.74,16.7108
1169,1472.21,896.28,16.6971
1170,894.73,97.18,17.0416
1171,846.69,1205.66,16.2197
1172,728.87,1552.21,16.1409
1173,1715.40,1223.67,16.7377
1174,2085.30,421.54,16.8539
1175,2111.18,1187.36,16.7267
1176,1506.12,1381.29,15.9418
1177,1668.87,966.53,16.8670
1178,1079.78,1406.92,15.2832
1179,286.32,481.18,17.0279
1180,1556.63,431.68,16.7041
1181,250.84,1524.15,16.6744
1182,1627.40,290.31,16.6857
1183,1090.18,439.48,16.7853
1184,480.37,1215.67,14.8332
1185,76.27,1101.59,16.8034
1186,1752.40,1099.32,16.7087
1187,2293.63,511.47,16.8605
1188,2068.25,1406.52,17.0360
1189,2092.16,1007.84,16.7576
1190,1505.25,1313.19,16.7954
1191,586.62,899.47,16.5698
1192,721.79,1549.38,16.0823
1193,1067.31,969.43,16.6736
1194,1778.74,997.72,17.0026
1195,377.81,1178.74,16.8865
1196,2285.56,1163.53,16.6884
1197,777.81,475.69,16.9690
1198,382.35,212.70,16.5991
1199,1315.27,1144.69,16.1335
1200,2043.20,848.59,16.7119
1201,626.62,261.87,16.8652
1202,2108.37,200.23,16.8905
1203,587.53,941.54,16.8471
1204,113.71,1514.78,15.0599
1205,2295.33,821.79,16.7221
1206,823.27,1310.71,16.8883
1207,581.49,495.28,16.9399
1208,421.55,1164.69,15.1590
1209,1425.45,969.45,14.1535
1210,1112.45,917.30,16.5475
1211,720.38,1140.20,16.6174
1212,720.65,1057.26,14.5088
1213,681.80,1191.89,16.7763
1214,962.46,1519.44,16.8734
1215,21.71,574.72,15.3722
1216,192.58,418.75,16.8390
1217,444.50,38.56,16.0322
1218,2347.21,315.35,16.4794
1219,2052.45,346.23,16.7604
1220,661.63,296.34,16.9795
1221,1956.58,962.65,16.7655
1222,1988.65,1051.25,16.9534
1223,668.10,263.81,17.0043
1224,949.82,577.50,16.8425
1225,2213.30,263.36,17.1831
1226,1432.76,1387.60,15.0555
1227,1354.62,1342.22,16.8077
1228,419.17,1429.69,16.7419
1229,430.60,92.25,16.9670
1230,784.32,1575.48,16.8911
1231,292.45,989.21,17.1224
1232,2092.35,1560.96,16.8543
1233,306.30,579.48,16.7670
1234,1847.68,468.44,16.9320
1235,39.33,236.40,16.8326
1236,396.25,593.88,14.7857
1237,1006.16,1459.34,16.7857
1238,600.78,1429.32,13.9905
1239,1552.11,832.75,17.1240
1240,813.41,274.29,17.0857
1241,78.10,283.68,16.8327
1242,766.26,399.20,16.8765
1243,1136.21,186.27,16.5154
1244,1475.69,27.49,15.7921
1245,1175.65,384.84,16.8274
1246,2012.75,311.09,16.5153
1247,1324.48,270.79,16.8485
1248,1162.27,1066.29,16.7385
1249,731.54,287.68,17.2356
1250,978.42,811.22,15.6135
1251,2341.50,1590.71
1252,1903.71,178.69,16.8242
1253,1834.61,699.79,16.7889
1254,651.41,1145.19,16.7640
1255,1358.30,1188.53,15.1201
1256,1651.36,1382.31,17.0078
1257,383.40,759.78,17.0159
1258,907.63,767.28,16.9792
1259,1231.58,950.77,16.8178
1260,677.27,53.60,16.8758
1261,1353.50,1135.80,16.6088
1262,1101.32,1559.65,16.9024
1263,715.40,1042.31,16.0880
1264,1381.21,47.41,17.2037
1265,1268.78,634.19,17.1734
1266,324.77,664.30,16.7468
1267,949.69,1146.37,14.5503
1268,902.45,484.39,16.4474
1269,542.69,1558.64,16.5903
1270,1525.75,185.44,17.0103
1271,1665.66,1204.33,15.8994
1272,1373.40,1152.33,17.2625
1273,1421.19,1330.44,16.6701
1274,136.12,1076.45,16.7569
1275,1761.80,1524.82,16.9709
1276,2312.27,1020.75,17.1596
1277,903.59,1366.79,17.0402
1278,1655.51,331.81,16.7385
1279,126.30,1224.24,16.8647
1280,940.61,562.31,16.3009
1281,1103.25,1534.65,16.7457
1282,431.36,1029.26,17.1116
1283,1814.68,495.26,16.8461
1284,111.73,305.31,16.8035
1285,1272.33,433.44,16.6945
1286,1423.39,394.30,16.7711
1287,1464.34,1526.18,15.0743
1288,526.13,1514.47,15.0143
1289,820.21,503.16,16.9101
1290,1583.49,1224.81,16.7079
1291,657.56,989.29,16.0719
1292,635.22,294.79,16.8113
1293,979.67,27.55,16.9149
1294,2162.24,1293.40,16.8005
1295,385.57,532.87,16.7995
1296,506.33,1510.18,17.0560
1297,98.67,1172.18,17.0840
1298,113.15,581.81,16.9467
1299,1157.25,1463.27,16.7161
1300,147.17,136.77,17.0984
1301,770.63,117.61,16.9561
1302,1095.36,536.50,16.9437
1303,369.12,372.72,15.5175
1304,2212.56,782.68,16.8542
1305,2147.67,308.67,16.9659
1306,476.28,595.43,17.0320
1307,65.21,97.14,15.3715
1308,732.69,760.46,17.2276
1309,1371.79,1084.22,16.9181
1310,1976.27,1404.58,16.6407
1311,665.22,1524.97,16.7780
1312,1740.21,125.77,17.0227
1313,1595.75,1344.62,17.0084
1314,55.78,1302.44,16.3747
1315,1013.17,1149.19,16.8824
1316,1960.74,902.73,16.5965
1317,2213.18,816.72,17.0106
1318,374.76,422.49,17.1265
1319,1780.77,525.25,17.1013
1320,1376.30,352.68,16.9935
1321,562.42,1063.46,15.7388
1322,41.43,286.88,16.9402
1323,2078.20,25.74,16.5836
1324,1016.22,1249.26,17.0671
1325,588.46,1243.34,16.8726
1326,249.77,90.73,17.8218
1327,2310.12,1221.38,16.9769
1328,296.13,13.80,16.8910
1329,1922.72,1022.61,15.7649
1330,754.47,436.23,17.3056
1331,1562.25,1496.23,16.8855
1332,668.24,71.61,16.8016
1333,1546.26,889.53,16.8498
1334,1568.78,241.37,16.8874
1335,1790.14,822.21,17.1173
1336,1424.20,23.34,17.3010
1337,1036.37,1019.59,17.0013
1338,570.35,701.53,16.9428
1339,1375.12,1177.25,16.9201
1340,1208.34,1548.30,17.2105
1341,920.10,337.84,17.0368
1342,273.26,942.81,17.0241
1343,1536.35,770.44,15.9608
1344,1724.69,1578.54,17.0331
1345,1684.42,196.20,16.9699
1346,1775.31,1381.79,16.3229
1347,1494.42,950.43,16.8899
1348,1174.13,1580.81,15.6421
1349,2286.44,1288.79,15.8302
1350,543.72,1416.21,16.9242
1351,1954.66,381.72,17.1372
1352,568.63,769.19,17.1737
1353,976.16,1316.13,17.0916
1354,367.53,1567.74,17.0195
1355,1782.78,330.28,17.0224
1356,100.42,814.52,17.0495
1357,2017.41,1219.33,16.8451
1358,611.36,247.65,17.2754
1359,93.19,735.63,17.1801
1360,240.77,696.40,16.1397
1361,1338.11,580.49,17.0719
1362,1297.15,104.77,16.5666
1363,2173.30,1042.55,16.8707
1364,2067.29,417.59,16.6534
1365,258.42,312.54,16.9079
1366,859.41,143.27,16.9523
1367,2295.29,855.52,17.1716
1368,2352.69,1050.52,17.0662
1369,1209.37,1592.65
1370,172.21,949.27,17.1486
1371,2048.25,1076.27,16.9769
1372,901.64,273.50,16.9132
1373,2285.12,1198.44,17.1483
1374,482.31,569.17,17.2695
1375,512.41,492.25,17.1535
1376,1118.36,311.34,17.3180
1377,617.50,1005.33,16.9185
1378,2030.20,1118.17,17.0875
1379,2292.23,1009.88,14.9353
1380,606.71,967.82,17.0106
1381,1014.42,1414.35,16.7167
1382,408.36,478.51,17.1803
1383,1897.42,123.45,17.1650
1384,626.68,357.41,17.1340
1385,1248.61,65.87,16.9432
1386,12.15,284.20,17.0435
1387,325.12,274.19,16.9551
1388,1517.74,797.67,17.2471
1389,2223.13,908.42,16.9282
1390,2313.35,979.65,16.3678
1391,399.46,893.25,16.6043
1392,1826.80,1249.64,16.8722
1393,1254.62,1330.16,16.5180
1394,1115.44,908.51,16.4986
1395,606.31,479.49,16.3241
1396,70.79,1537.50,17.3763
1397,1705.11,861.39,16.7591
1398,1414.44,126.35,17.3821
1399,2331.65,1380.65,17.0805
1400,570.77,851.77,17.0499
1401,1434.65,1277.35,16.8603
1402,830.33,802.20,17.1857
1403,697.62,7.27
1404,1375.44,595.64,16.9080
1405,187.47,215.55,17.1289
1406,1768.51,444.85,14.5848
1407,104.15,89.16,17.0427
1408,485.28,1428.74,16.9619
1409,2090.78,757.21,16.5485
1410,2260.26,1231.56,15.7372
1411,1900.66,1295.70,17.3032
1412,39.70,536.20,17.2366
1413,374.33,278.26,17.8101
1414,619.46,196.20,17.0898
1415,1484.12,762.81,16.8056
1416,1173.75,35.15,17.3297
1417,1466.34,549.77,16.3862
1418,1582.66,541.53,15.0082
1419,1109.69,1391.64,17.3304
1420,899.50,1588.24
1421,1928.26,754.21,16.7346
1422,1663.15,625.32,17.2394
1423,2388.32,1414.57
1424,1493.64,292.16,17.2668
1425,1168.64,873.18,17.2494
1426,1347.96,463.47,16.2798
1427,1541.33,790.47,17.0189
1428,156.57,455.47,16.7463
1429,1544.52,151.26,16.9858
1430,672.38,1453.35,17.1627
1431,289.71,1549.45,17.0301
1432,168.69,443.43,16.9200
1433,252.26,149.65,16.9461
1434,1643.67,790.81,16.9043
1435,1609.54,83.56,15.8740
1436,1964.65,1387.45,17.2566
1437,1227.39,1379.33,17.8280
1438,1211.48,55.27,17.2384
1439,1725.62,638.40,16.9774
1440,9.67,1534.08
1441,1881.70,64.81,17.4096
1442,2207.15,1282.31,17.2901
1443,234.55,1078.22,16.2556
1444,1205.42,1524.41,16.6268
1445,1753.39,155.74,17.0641
1446,2066.61,452.43,17.2053
1447,1417.04,7.23
1448,1395.54,159.15,17.5883
1449,2348.41,503.77,17.1897
1450,2142.39,867.56,16.9681
1451,1069.15,1010.43,16.9567
1452,571.23,664.27,17.2039
1453,696.19,138.58,17.2466
1454,796.63,230.76,17.2997
1455,364.22,337.62,17.2011
1456,1456.27,785.84,17.1576
1457,1476.16,1038.80,17.0402
1458,2308.83,981.56,16.3564
1459,799.31,1325.69,16.8365
1460,1561.54,1330.56,17.4546
1461,1603.08,831.61,17.0409
1462,262.39,1355.15,17.2147
1463,1153.54,546.60,17.3372
1464,1753.14,381.91,16.8719
1465,2328.60,24.52,17.2019
1466,1304.47,388.60,17.3434
1467,880.31,383.21,17.1992
1468,474.27,1049.56,17.1675
1469,915.43,853.42,16.7270
1470,1054.30,708.31,16.0707
1471,516.22,454.34,14.9766
1472,370.68,678.78,16.9129
1473,1464.36,1503.36
1474,1184.91,1416.25,15.9922
1475,274.43,643.61,16.9972
1476,1290.53,99.22,16.6151
1477,852.30,6.36
1478,1102.23,866.16,17.3943
1479,1766.32,292.60,17.2193
1480,1839.72,651.84,16.6000
1481,412.78,1549.19,17.3112
1482,2011.54,62.73,17.0226
1483,1716.44,204.60,16.9568
1484,1202.76,557.30,16.7043
1485,660.51,23.35,17.2497
1486,25.75,426.63,16.5092
1487,1170.48,1267.39,17.4938
1488,540.48,72.18,17.2926
1489,897.16,1466.67,17.2786
1490,834.62,1209.98,12.4064
1491,1063.13,472.79,17.0563
1492,892.75,1540.68,16.8861
1493,188.41,466.64,17.1521
1494,944.49,932.77,17.0857
1495,92.58,1367.41,16.0433
1496,611.10,327.59,16.7145
1497,709.17,748.62,17.3392
1498,895.14,403.35,17.5323
1499,340.17,640.78,17.1159
1500,2271.10,362.26,16.6145
1501,305.17,1343.82,17.1166
1502,1729.72,248.32,17.1922
1503,333.39,1289.58,17.0996
1504,1315.30,1395.15,16.7323
1505,2074.70,587.78,17.2210
1506,709.29,468.69,17.8375
1507,1914.80,629.33,17.3991
1508,885.33,1089.28,16.6420
1509,105.29,628.16,17.2301
1510,2042.54,1250.16,16.9549
1511,966.46,1184.65,17.3049
1512,2053.58,661.20,17.5925
1513,1311.57,560.62,17.3480
1514,972.74,48.81,17.1771
1515,302.18,543.43,17.0062
1516,1926.47,1127.45,17.2178
1517,1685.84,315.67,17.3524
1518,2192.75,1389.21,15.9750
1519,1739.31,711.42,17.2185
1520,1506.78,1428.65,17.4656
1521,184.45,616.35,17.5366
1522,936.48,558.68,16.4950
1523,1527.45,1044.65,17.2256
1524,633.40,271.30,17.3113
1525,2203.24,60.70,17.3880
1526,1272.21,877.28,17.2170
1527,695.41,1297.71,17.4040
1528,1898.74,1051.71,17.5841
1529,1768.61,439.81,16.2687
1530,1793.73,899.74,17.4228
1531,417.36,278.74,17.2786
1532,13.16,927.40,17.0633
1533,1032.70,860.78,17.2593
1534,1506.73,54.57,17.4966
1535,1134.22,429.64,17.0450
1536,552.60,1276.79,15.9059
1537,972.41,637.28,17.0720
1538,1246.62,249.79,17.3358
1539,140.90,314.66,17.1759
1540,1135.13,320.51,16.9441
1541,1271.66,699.73,17.4022
1542,2073.71,1360.65,16.7177
1543,444.63,331.26,17.0792
1544,1920.31,1589.65
1545,1683.72,1539.12,14.0278
1546,2387.45,45.64
1547,2226.55,58.27,17.1699
1548,706.42,1130.58,16.9909
1549,2085.17,335.45,17.4568
1550,1760.81,667.29,17.3828
1551,1205.74,118.76,17.2189
1552,60.52,1084.86,18.0149
1553,1486.65,445.14,17.1076
1554,1990.45,1416.26,17.3389
1555,706.29,934.22,17.0742
1556,141.62,387.19,14.4373
1557,1021.54,15.40,17.2962
1558,1267.85,251.80,17.3450
1559,1028.40,442.60,17.4789
1560,1170.21,1382.19,17.4897
1561,1565.75,1141.28,17.0813
1562,102.54,520.39,16.2783
1563,2038.14,861.49,16.3767
1564,1913.75,1224.77,17.3344
1565,1764.62,1348.15,17.7101
1566,1188.52,328.79,17.2827
1567,936.53,604.44,17.3085
1568,937.74,801.81,17.2631
1569,2172.30,1131.65,17.5828
1570,1745.28,874.66,16.7536
1571,1386.54,1414.80,17.0027
1572,898.58,714.35,18.0023
1573,775.76,1362.75,15.5133
1574,1393.71,988.41,17.3262
1575,334.60,907.20,17.2958
1576,2074.53,875.80,17.0924
1577,656.77,216.85,17.4782
1578,2082.22,17.71,16.7184
1579,890.29,649.95,15.8353
1580,2234.57,985.77,17.5309
1581,7.56,798.54
1582,359.16,435.46,17.3427
1583,2044.76,1509.73,17.4011
1584,1112.43,1344.41,17.4699
1585,1225.81,162.27,17.4463
1586,149.17,251.39,17.1885
1587,880.38,1362.48,17.2417
1588,2006.87,829.26,17.4831
1589,783.78,1097.40,17.7732
1590,321.36,1352.74,17.0793
1591,447.64,157.43,17.2900
1592,1622.72,960.37,17.5213
1593,1290.27,775.91,17.4266
1594,2310.40,712.35,17.2132
1595,1204.62,1161.36,17.2294
1596,2299.36,45.33,17.4640
1597,32.37,828.27,17.4966
1598,2372.63,689.25,17.1918
1599,2280.40,529.65,17.1617
1600,937.73,687.23,17.4720
1601,676.65,223.65,17.9617
1602,542.13,1549.46,16.5935
1603,1069.62,1204.47,17.4924
1604,1027.54,556.39,15.5934
1605,1767.20,1030.72,17.0548
1606,296.68,223.75,17.4025
1607,924.59,69.58,17.6403
1608,2133.47,1526.55,14.6921
1609,1493.35,820.86,16.9375
1610,981.69,1423.83,16.1974
1611,1711.44,406.41,17.0600
1612,197.61,1294.68,17.1178
1613,207.30,1465.23,17.0862
1614,174.23,152.53,17.7085
1615,1689.20,1524.18,15.0281
1616,1918.52,667.69,17.4349
1617,298.16,766.31,17.4031
1618,1408.60,210.34,14.4336
1619,750.31,1324.30,17.1899
1620,714.77,825.30,17.5922
1621,197.55,173.63,17.2770
1622,1698.11,701.26,17.1831
1623,1904.51,1569.14,17.2021
1624,888.14,453.20,17.0659
1625,1607.56,407.22,17.4708
1626,749.17,1422.92,17.3120
1627,427.18,1063.25,16.9319
1628,128.18,914.25,17.3724
1629,2087.46,620.39,15.0348
1630,327.69,500.41,17.4426
1631,978.43,1510.34,17.2406
1632,794.44,1312.84,17.5176
1633,1533.17,982.70,17.3336
1634,912.79,730.19,17.4846
1635,532.33,647.43,16.5365
1636,1697.55,753.22,17.6065
1637,1771.36,825.13,17.5349
1638,111.35,1127.83,17.3628
1639,2283.32,226.67,17.2464
1640,1320.45,999.20,17.0047
1641,1393.67,1425.76,17.4421
1642,755.15,1083.19,17.2846
1643,1881.62,122.16,16.0305
1644,973.51,194.78,17.6790
1645,1759.50,179.77,17.7203
1646,1819.33,1115.54,17.1031
1647,2374.34,59.25,17.2839
1648,1831.62,527.41,15.8194
1649,807.82,1537.67,17.4312
1650,195.62,1135.60,17.3311
1651,304.27,176.48,14.5656
1652,447.12,1201.39,17.3706
1653,585.63,534.39,17.4814
1654,2260.76,463.16,17.4662
1655,402.60,520.51,16.9276
1656,155.23,672.46,17.5111
1657,1255.38,1121.59,17.1285
1658,1640.68,1279.74,17.0325
1659,1646.74,1470.20,17.6546
1660,1271.32,30.77,17.4597
1661,333.52,1451.79,17.5430
1662,1546.28,1394.64,17.5461
1663,501.84,714.73,17.2556
1664,802.64,1391.38,16.3798
1665,1770.31,1332.09,15.4067
1666,414.75,5.83
1667,799.58,998.32,17.3317
1668,1269.46,804.78,17.4446
1669,1076.14,357.64,17.2347
1670,1977.54,104.13,18.0107
1671,530.61,252.46,17.6406
1672,624.35,418.29,17.7131
1673,613.29,282.60,17.7481
1674,1121.66,1293.56,17.3536
1675,632.41,768.34,17.5001
1676,1686.82,1108.73,17.4596
1677,341.69,439.51,17.5250
1678,2373.43,103.17,17.4812
1679,915.18,1175.26,17.7032
1680,2161.55,1242.80,15.2126
1681,1579.51,364.71,17.1418
1682,1052.16,1385.30,17.6911
1683,499.62,80.56,17.5874
1684,1427.71,797.68,17.5041
1685,1855.81,1483.15,17.1799
1686,952.45,808.47,17.4540
1687,377.75,138.72,17.5574
1688,1983.15,567.72,17.2606
1689,152.32,876.64,17.3202
1690,1200.35,11.36,17.5755
1691,2195.54,1496.64,15.0205
1692,291.38,1139.79,17.4279
1693,2151.15,1227.78,17.0043
1694,1208.39,560.29,16.7007
1695,2154.61,734.23,17.1572
1696,1671.27,1220.34,17.0654
1697,109.43,1183.91,17.0463
1698,1937.70,358.90,17.9531
1699,1176.28,1180.48,17.4461
1700,312.29,510.78,17.3069
1701,232.60,444.37,17.3916
1702,96.39,332.17,17.3956
1703,2187.39,1209.54,17.1540
1704,1619.20,1096.83,17.3897
1705,588.73,163.34,17.2320
1706,68.35,1468.59,16.8184
1707,1506.36,1459.41,17.3452
1708,719.72,1480.34,17.8003
1709,74.51,451.37,17.3230
1710,469.20,345.63,17.0552
1711,1303.62,188.78,18.0009
1712,1718.15,1287.52,17.6160
1713,410.05,609.69,14.9727
1714,1983.54,1526.37,17.2071
1715,1106.81,614.26,17.6975
1716,266.82,282.43,16.0667
1717,1367.27,590.44,16.9340
1718,1339.32,1162.74,18.1006
1719,329.45,1088.51,17.5100
1720,271.12,891.59,17.8276
1721,766.19,888.75,17.4160
1722,1057.37,814.47,17.5711
1723,793.74,1552.21,17.5729
1724,1713.09,1145.47,17.7145
1725,1823.45,407.26,17.7136
1726,458.54,718.37,17.7339
1727,2080.18,278.70,17.3182
1728,205.63,1264.57,17.3994
1729,211.54,1431.63,13.8146
1730,542.77,1362.69,17.1976
1731,1343.74,1003.57,17.5563
1732,1520.66,763.46,17.4357
1733,705.15,296.43,16.9760
1734,2276.60,542.63,17.3715
1735,2363.14,198.15,17.0377
1736,954.66,452.79,18.0480
1737,392.67,40.58,17.2772
1738,1087.18,151.81,17.6169
1739,1746.37,375.26,17.0276
1740,1721.62,1299.44,17.5314
1741,780.03,1224.78,17.1814
1742,15.53,1267.33,15.2147
1743,1937.41,997.22,16.3399
1744,830.43,1051.65,17.7593
1745,1788.32,249.34,17.3271
1746,846.20,1593.63
1747,1370.71,325.83,16.7957
1748,1746.81,241.88,17.7871
1749,606.82,671.61,17.4826
1750,1263.35,1388.28,17.4967
1751,2100.78,770.24,17.7871
1752,436.69,1279.59,17.5976
1753,726.62,325.79,17.8834
1754,1733.34,1336.21,17.0905
1755,1228.46,1573.59,17.4995
1756,383.24,612.74,17.8898
1757,1496.21,1538.51,17.3708
1758,1051.81,514.73,17.6616
1759,689.78,1254.31,17.8732
1760,1323.23,996.52,16.9465
1761,67.76,1461.63,16.4011
1762,1853.26,55.75,17.4950
1763,1765.85,721.51,17.6903
1764,2247.73,186.78,17.7624
1765,2055.78,284.79,17.8482
1766,2177.79,583.75,17.2110
1767,1531.73,111.10,17.0953
1768,37.19,400.51,17.9489
1769,1005.64,461.80,17.2022
1770,99.49,30.57,17.9946
1771,329.48,41.52,17.7152
1772,1616.41,1313.43,17.1436
1773,2114.53,999.65,17.7506
1774,954.26,725.28,17.4149
1775,1559.52,580.17,17.1626
1776,812.14,1425.51,17.5843
1777,1837.41,1437.47,17.5299
1778,1876.24,93.39,17.6779
1779,2291.72,1277.19,17.8117
1780,1213.62,73.72,17.2502
1781,908.34,1164.55,17.2358
1782,2085.74,1101.12,17.4050
1783,1094.82,1590.60
1784,894.38,1387.22,17.8343
1785,1356.34,396.75,17.5823
1786,460.48,1419.75,17.6552
1787,1324.30,1312.22,17.1178
1788,766.29,490.46,17.9704
1789,2051.15,694.59,16.9411
1790,1028.43,898.50,17.7492
1791,1484.54,95.40,18.1153
1792,2026.22,1018.59,17.4628
1793,132.86,1530.73,18.7280
1794,368.26,790.55,17.6489
1795,1377.28,326.65,16.8804
1796,904.73,818.68,17.6033
1797,824.53,912.29,17.4799
1798,873.06,1006.55,17.5116
1799,1723.21,407.37,17.6314
1800,1020.66,1033.65,17.3137
1801,1865.15,234.42,17.0390
1802,1046.29,806.76,17.4442
1803,1179.46,829.32,18.1308
1804,306.58,445.32,17.3854
1805,904.22,133.58,17.8335
1806,149.24,450.48,17.1231
1807,732.48,906.78,17.7775
1808,55.57,1291.55,17.2579
1809,523.67,1016.66,17.6203
1810,767.16,14.38,17.5102
1811,910.71,857.88,16.6473
1812,109.64,1067.64,16.5179
1813,1740.78,1196.68,17.3841
1814,239.84,456.68,17.6278
1815,1375.50,1102.77,18.3663
1816,2170.69,1322.44,17.7068
1817,207.43,5.70
1818,2216.36,998.55,17.9124
1819,747.82,1039.38,17.9677
1820,761.19,158.37,17.3495
1821,859.59,1326.47,17.8757
1822,1432.29,891.49,16.3786
1823,202.33,373.40,17.9545
1824,1494.64,639.30,17.4089
1825,905.75,838.47,17.9600
1826,1134.43,954.36,17.8088
1827,1628.31,502.57,16.3495
1828,1779.18,164.16,17.7414
1829,472.26,204.39,17.7995
1830,1990.60,1211.73,17.0996
1831,1678.65,962.45,16.8235
1832,259.15,1472.60,17.4672
1833,418.36,569.78,17.9113
1834,607.24,1468.17,17.3413
1835,432.84,278.75,18.0679
1836,2271.59,564.51,18.1944
1837,1202.40,1363.58,15.1312
1838,849.30,822.21,17.3285
1839,1697.80,599.26,17.9461
1840,2112.41,974.64,17.4372
1841,2282.59,1244.30,17.3009
1842,1969.35,535.71,17.5206
1843,399.55,799.60,17.6779
1844,1218.24,780.25,16.6488
1845,1957.34,756.72,17.9372
1846,962.72,1155.57,17.8483
1847,1340.55,167.43,17.8835
1848,2193.82,208.56,15.7532
1849,1035.57,766.43,16.9683
1850,1120.27,454.74,17.6140
1851,313.73,408.18,19.1095
1852,941.30,784.78,17.9813
1853,1253.77,1379.43,18.0420
1854,834.55,451.71,17.6747
1855,1799.13,1106.58,17.6176
1856,2135.21,138.69,16.9946
1857,2036.62,745.55,17.4511
1858,1298.17,18.61,17.7646
1859,531.60,1268.61,17.7333
1860,235.71,1240.58,17.8172
1861,2079.20,936.97,17.9979
1862,1228.51,1143.68,17.9063
1863,1231.81,1354.52,17.4271
1864,2284.42,590.22,17.7083
1865,1960.39,7.72
1866,416.62,150.36,17.3270
1867,1074.29,143.53,17.9102
1868,1805.29,952.44,17.4920
1869,1630.58,1034.59,17.8890
1870,1562.69,440.43,17.3383
1871,1373.67,1004.19,17.9755
1872,1609.60,152.63,17.7288
1873,1600.64,915.34,19.0793
1874,64.58,593.56,17.7020
1875,2153.74,1471.31,18.0394
1876,1413.27,725.50,17.5259
1877,1639.62,1414.11,17.1913
1878,476.71,618.36,17.6164
1879,761.30,1333.67,18.1228
1880,617.52,1022.38,17.7492
1881,1438.47,377.34,17.8078
1882,215.67,1112.37,17.8268
1883,789.50,1472.84,17.6349
1884,942.63,1189.45,17.9672
1885,388.16,307.36,17.3617
1886,892.63,896.70,18.2158
1887,1050.70,1150.47,17.5372
1888,276.62,1143.41,17.9268
1889,953.78,1532.40,17.7870
1890,1253.34,1134.67,17.6717
1891,993.26,1388.72,18.2131
1892,1718.78,832.40,19.1827
1893,1549.25,1307.26,17.7584
1894,857.19,1049.41,17.4050
1895,1966.11,1511.42,17.9072
1896,657.54,395.68,16.8811
1897,303.66,364.72,17.9537
1898,736.56,352.77,17.7507
1899,2054.34,1549.53,17.9725
1900,1702.48,1215.40,17.8708
1901,1646.16,853.28,17.7725
1902,203.33,1188.15,17.0875
1903,427.31,1085.71,17.9116
1904,744.69,1543.28,17.4804
1905,1286.32,209.84,17.6207
1906,2220.78,531.51,17.7339
1907,388.31,1373.37,18.1020
1908,2033.24,50.38,17.6720
1909,1526.28,1422.60,17.6016
1910,1227.43,266.59,18.1096
1911,370.58,1187.20,17.6212
1912,286.41,1064.36,17.6146
1913,1319.32,951.66,17.9417
1914,2111.30,318.76,17.3779
1915,909.41,1031.24,17.4812
1916,633.62,238.64,17.6554
1917,179.35,702.50,18.2165
1918,2170.28,1423.82,17.9767
1919,1787.52,36.71,17.8253
1920,1171.27,1012.49,17.4187
1921,427.85,1328.61,17.6429
1922,2232.23,432.77,18.2554
1923,2054.15,389.43,17.7317
1924,1104.49,706.54,18.3433
1925,1071.80,14.64,17.8599
1926,168.16,327.76,17.5046
1927,882.41,1478.68,18.1595
1928,1871.58,1035.46,17.5541
1929,1119.16,1458.84,18.1866
1930,1114.33,61.74,17.9167
1931,616.70,93.39,17.8023
1932,144.39,624.60,16.8997
1933,272.61,40.53,18.6134
1934,1564.40,546.22,17.8630
1935,1688.71,1593.79
1936,692.65,318.48,18.2334
1937,256.60,162.33,18.0009
1938,733.46,790.43,17.4941
1939,75.43,1384.76,18.7294
1940,1005.66,284.32,17.6608
1941,1500.14,814.77,17.3808
1942,576.47,879.74,18.4844
1943,881.48,650.21,16.2479
1944,1999.68,1509.71,18.5795
1945,945.34,1370.30,17.6727
1946,1475.55,477.60,16.9921
1947,65.21,1247.34,18.7072
1948,49.55,1129.39,17.9539
1949,1327.67,488.27,19.0576
1950,815.39,242.28,18.3866
1951,760.38,83.81,18.1674
1952,791.33,113.75,18.0563
1953,1386.50,1467.53,18.2298
1954,1743.66,624.46,18.3023
1955,638.31,1354.53,17.9547
1956,737.48,819.56,19.2038
1957,1334.53,638.66
1958,980.94,473.66
1959,2391.78,274.73
1960,2391.32,898.38
1961,284.15,439.09
1962,2.62,390.97
1963,1364.25,662.75
1964,1725.71,868.57
